{"cameraMode":{"drawMode":0,"name":"Shaded","section":"Shading Mode"},"sceneLighting":false,"audioPlay":false,"sceneViewState":{"showFog":true,"showMaterialUpdate":false,"showSkybox":false,"showFlares":true,"showImageEffects":true,"showParticleSystems":true},"in2DMode":false,"pivot":{"x":20.025659561157228,"y":98.19999694824219,"z":-74.64800262451172},"rotation":{"x":0.11864901334047318,"y":-0.08775561302900315,"z":0.010526725091040135,"w":0.98899906873703},"size":5.870087146759033,"orthographic":true}