{"cameraMode":{"drawMode":0,"name":"Shaded","section":"Shading Mode"},"sceneLighting":false,"audioPlay":false,"sceneViewState":{"showFog":true,"showMaterialUpdate":false,"showSkybox":false,"showFlares":true,"showImageEffects":true,"showParticleSystems":true},"in2DMode":false,"pivot":{"x":26.00971221923828,"y":176.73388671875,"z":-79.95089721679688},"rotation":{"x":0.2514553368091583,"y":0.0898500606417656,"z":-0.023458318784832956,"w":0.9634110331535339},"size":12.247448921203614,"orthographic":false}