{"cameraMode":{"drawMode":0,"name":"Shaded","section":"Shading Mode"},"sceneLighting":false,"audioPlay":false,"sceneViewState":{"showFog":true,"showMaterialUpdate":false,"showSkybox":false,"showFlares":true,"showImageEffects":true,"showParticleSystems":true},"in2DMode":false,"pivot":{"x":29.02734375,"y":80.4000015258789,"z":2512.800048828125},"rotation":{"x":-0.1411641389131546,"y":0.5901412963867188,"z":-0.10575821250677109,"w":-0.7878232002258301},"size":12.247448921203614,"orthographic":true}