{"cameraMode":{"drawMode":0,"name":"Shaded","section":"Shading Mode"},"sceneLighting":false,"audioPlay":false,"sceneViewState":{"showFog":true,"showMaterialUpdate":false,"showSkybox":false,"showFlares":true,"showImageEffects":true,"showParticleSystems":true},"in2DMode":false,"pivot":{"x":-18.770000457763673,"y":137.57000732421876,"z":-77.58000183105469},"rotation":{"x":0.2985302209854126,"y":-0.06578622758388519,"z":0.020631175488233568,"w":0.9519081115722656},"size":34.84574890136719,"orthographic":true}