{"cameraMode":{"drawMode":0,"name":"Shaded","section":"Shading Mode"},"sceneLighting":false,"audioPlay":false,"sceneViewState":{"showFog":true,"showMaterialUpdate":false,"showSkybox":false,"showFlares":true,"showImageEffects":true,"showParticleSystems":true},"in2DMode":false,"pivot":{"x":17.169614791870118,"y":-6119.57861328125,"z":175.4434814453125},"rotation":{"x":0.1215103268623352,"y":0.002971852431073785,"z":-0.00037404493195936084,"w":0.9925971627235413},"size":89.85051727294922,"orthographic":false}