{"cameraMode":{"drawMode":0,"name":"Shaded","section":"Shading Mode"},"sceneLighting":false,"audioPlay":false,"sceneViewState":{"showFog":true,"showMaterialUpdate":false,"showSkybox":false,"showFlares":true,"showImageEffects":true,"showParticleSystems":true},"in2DMode":false,"pivot":{"x":19.700000762939454,"y":102.94999694824219,"z":-73.0},"rotation":{"x":0.05783718079328537,"y":-0.03144197165966034,"z":0.0018214749870821834,"w":0.9978325366973877},"size":8.66025447845459,"orthographic":true}